{
  "systems": {
    "azure_ai_search": {
      "precision_at_k": [
        0.6857528696826468,
        0.3312176457348638,
        0.21366644159351791,
        0.11558406482106685
      ],
      "recall_at_k": [
        0.3428764348413234,
        0.49682646860229573,
        0.5341661039837947,
        0.5779203241053342
      ],
      "f1_at_k": [
        0.45716857978843123,
        0.39746117488183663,
        0.3052377737050256,
        0.19264010803511145
      ],
      "map_score": 0.7101510288037489,
      "ndcg_at_k": [
        0.6857528696826468,
        0.5841248405731863,
        0.6018831120114037,
        0.6130613520822839
      ],
      "avg_query_time": 0.31306457629000956,
      "queries_per_second": 3.194229164636126,
      "total_queries": 7405,
      "successful_queries": 7405,
      "avg_result_count": 10,
      "system_name": "Azure AI Search"
    },
    "faiss": {
      "precision_at_k": [
        0.7114112086428089,
        0.34058068872383523,
        0.21293720459149224,
        0.10884537474679272
      ],
      "recall_at_k": [
        0.35570560432140447,
        0.5108710330857529,
        0.5323430114787305,
        0.5442268737339635
      ],
      "f1_at_k": [
        0.47427413909520594,
        0.40869682646860234,
        0.30419600655927465,
        0.1814089579113212
      ],
      "map_score": 0.7315157988846375,
      "ndcg_at_k": [
        0.7114112086428089,
        0.6070522919948983,
        0.619183734713782,
        0.6229216638264579
      ],
      "avg_query_time": 0.09690886638520296,
      "queries_per_second": 10.318973250859223,
      "total_queries": 7405,
      "successful_queries": 7405,
      "avg_result_count": 10,
      "system_name": "FAISS"
    }
  },
  "comparison": {
    "k_values": [
      1,
      3,
      5,
      10
    ],
    "precision_comparison": {
      "precision@1": {
        "azure": 0.6857528696826468,
        "faiss": 0.7114112086428089,
        "winner": "faiss"
      },
      "precision@3": {
        "azure": 0.3312176457348638,
        "faiss": 0.34058068872383523,
        "winner": "faiss"
      },
      "precision@5": {
        "azure": 0.21366644159351791,
        "faiss": 0.21293720459149224,
        "winner": "azure"
      },
      "precision@10": {
        "azure": 0.11558406482106685,
        "faiss": 0.10884537474679272,
        "winner": "azure"
      }
    },
    "recall_comparison": {
      "recall@1": {
        "azure": 0.3428764348413234,
        "faiss": 0.35570560432140447,
        "winner": "faiss"
      },
      "recall@3": {
        "azure": 0.49682646860229573,
        "faiss": 0.5108710330857529,
        "winner": "faiss"
      },
      "recall@5": {
        "azure": 0.5341661039837947,
        "faiss": 0.5323430114787305,
        "winner": "azure"
      },
      "recall@10": {
        "azure": 0.5779203241053342,
        "faiss": 0.5442268737339635,
        "winner": "azure"
      }
    },
    "f1_comparison": {
      "f1@1": {
        "azure": 0.45716857978843123,
        "faiss": 0.47427413909520594,
        "winner": "faiss"
      },
      "f1@3": {
        "azure": 0.39746117488183663,
        "faiss": 0.40869682646860234,
        "winner": "faiss"
      },
      "f1@5": {
        "azure": 0.3052377737050256,
        "faiss": 0.30419600655927465,
        "winner": "azure"
      },
      "f1@10": {
        "azure": 0.19264010803511145,
        "faiss": 0.1814089579113212,
        "winner": "azure"
      }
    },
    "ndcg_comparison": {
      "ndcg@1": {
        "azure": 0.6857528696826468,
        "faiss": 0.7114112086428089,
        "winner": "faiss"
      },
      "ndcg@3": {
        "azure": 0.5841248405731863,
        "faiss": 0.6070522919948983,
        "winner": "faiss"
      },
      "ndcg@5": {
        "azure": 0.6018831120114037,
        "faiss": 0.619183734713782,
        "winner": "faiss"
      },
      "ndcg@10": {
        "azure": 0.6130613520822839,
        "faiss": 0.6229216638264579,
        "winner": "faiss"
      }
    },
    "performance_comparison": {
      "avg_query_time": {
        "azure": 0.31306457629000956,
        "faiss": 0.09690886638520296,
        "winner": "faiss"
      },
      "queries_per_second": {
        "azure": 3.194229164636126,
        "faiss": 10.318973250859223,
        "winner": "faiss"
      },
      "map_score": {
        "azure": 0.7101510288037489,
        "faiss": 0.7315157988846375,
        "winner": "faiss"
      }
    }
  }
}