{
  "systems": {
    "azure_ai_search": {
      "precision_at_k": [
        0.6573936529372046,
        0.30434391177132564,
        0.19686698176907497,
        0.10758946657663741
      ],
      "recall_at_k": [
        0.3286968264686023,
        0.45651586765698854,
        0.4921674544226874,
        0.5379473328831871
      ],
      "f1_at_k": [
        0.4382624352914697,
        0.3652126941255908,
        0.2812385453843928,
        0.17931577762772904
      ],
      "map_score": 0.685729344052123,
      "ndcg_at_k": [
        0.6573936529372046,
        0.5474529221997149,
        0.5637842298747092,
        0.5745291862712524
      ],
      "avg_query_time": 0.14108419949585002,
      "queries_per_second": 7.087965935047283,
      "total_queries": 7405,
      "successful_queries": 7405,
      "avg_result_count": 10,
      "system_name": "Azure AI Search"
    },
    "faiss": {
      "precision_at_k": [
        0.5968939905469277,
        0.27395903668692323,
        0.17914922349763673,
        0.09704253882511817
      ],
      "recall_at_k": [
        0.29844699527346386,
        0.4109385550303849,
        0.44787305874409183,
        0.4852126941255908
      ],
      "f1_at_k": [
        0.39792932703128514,
        0.32875084402430793,
        0.2559274621394811,
        0.1617375647085303
      ],
      "map_score": 0.6365460474909448,
      "ndcg_at_k": [
        0.5968939905469277,
        0.4947107810038262,
        0.510785505289219,
        0.5200912796658914
      ],
      "avg_query_time": 0.04439209732632634,
      "queries_per_second": 22.526531978180696,
      "total_queries": 7405,
      "successful_queries": 7405,
      "avg_result_count": 10,
      "system_name": "FAISS"
    }
  },
  "comparison": {
    "k_values": [
      1,
      3,
      5,
      10
    ],
    "precision_comparison": {
      "precision@1": {
        "azure": 0.6573936529372046,
        "faiss": 0.5968939905469277,
        "winner": "azure"
      },
      "precision@3": {
        "azure": 0.30434391177132564,
        "faiss": 0.27395903668692323,
        "winner": "azure"
      },
      "precision@5": {
        "azure": 0.19686698176907497,
        "faiss": 0.17914922349763673,
        "winner": "azure"
      },
      "precision@10": {
        "azure": 0.10758946657663741,
        "faiss": 0.09704253882511817,
        "winner": "azure"
      }
    },
    "recall_comparison": {
      "recall@1": {
        "azure": 0.3286968264686023,
        "faiss": 0.29844699527346386,
        "winner": "azure"
      },
      "recall@3": {
        "azure": 0.45651586765698854,
        "faiss": 0.4109385550303849,
        "winner": "azure"
      },
      "recall@5": {
        "azure": 0.4921674544226874,
        "faiss": 0.44787305874409183,
        "winner": "azure"
      },
      "recall@10": {
        "azure": 0.5379473328831871,
        "faiss": 0.4852126941255908,
        "winner": "azure"
      }
    },
    "f1_comparison": {
      "f1@1": {
        "azure": 0.4382624352914697,
        "faiss": 0.39792932703128514,
        "winner": "azure"
      },
      "f1@3": {
        "azure": 0.3652126941255908,
        "faiss": 0.32875084402430793,
        "winner": "azure"
      },
      "f1@5": {
        "azure": 0.2812385453843928,
        "faiss": 0.2559274621394811,
        "winner": "azure"
      },
      "f1@10": {
        "azure": 0.17931577762772904,
        "faiss": 0.1617375647085303,
        "winner": "azure"
      }
    },
    "ndcg_comparison": {
      "ndcg@1": {
        "azure": 0.6573936529372046,
        "faiss": 0.5968939905469277,
        "winner": "azure"
      },
      "ndcg@3": {
        "azure": 0.5474529221997149,
        "faiss": 0.4947107810038262,
        "winner": "azure"
      },
      "ndcg@5": {
        "azure": 0.5637842298747092,
        "faiss": 0.510785505289219,
        "winner": "azure"
      },
      "ndcg@10": {
        "azure": 0.5745291862712524,
        "faiss": 0.5200912796658914,
        "winner": "azure"
      }
    },
    "performance_comparison": {
      "avg_query_time": {
        "azure": 0.14108419949585002,
        "faiss": 0.04439209732632634,
        "winner": "faiss"
      },
      "queries_per_second": {
        "azure": 7.087965935047283,
        "faiss": 22.526531978180696,
        "winner": "faiss"
      },
      "map_score": {
        "azure": 0.685729344052123,
        "faiss": 0.6365460474909448,
        "winner": "azure"
      }
    }
  }
}